Number,Season2,Rank,Tag,Most Recent List,First List,Appearances,Images
01,November 15th 2010,1,Shaeden,Spring 2016,November 15th 2010,10,
01,November 15th 2010,2,Velynn,January 13th 2015,November 15th 2010,9,
01,November 15th 2010,3,Shady,Spring 2016,November 15th 2010,12,
01,November 15th 2010,4,Moose,January 13th 2015,November 15th 2010,9,
01,November 15th 2010,5,Duck,Winter-Spring 2019,November 15th 2010,21,
01,November 15th 2010,6,Bigy,Winter 2015,November 15th 2010,12,
01,November 15th 2010,7,Lain,Summer 2017,November 15th 2010,9,
01,November 15th 2010,8,Kail,April 22nd 2012,November 15th 2010,4,
01,November 15th 2010,9,Juggleguy,Spring 2018,November 15th 2010,17,
01,November 15th 2010,10,Toadster,January 13th 2015,November 15th 2010,6,
02,July 25th 2011,1,Velynn,January 13th 2015,November 15th 2010,9,
02,July 25th 2011,2,Shady,Spring 2016,November 15th 2010,12,
02,July 25th 2011,3,Duck,Winter-Spring 2019,November 15th 2010,21,
02,July 25th 2011,4,Moose,January 13th 2015,November 15th 2010,9,
02,July 25th 2011,5,Mikey Lenetia,September 3rd 2014,July 25th 2011,7,
02,July 25th 2011,6,Juggleguy,Spring 2018,November 15th 2010,17,
02,July 25th 2011,7,SCOTU,April 22nd 2012,July 25th 2011,3,
02,July 25th 2011,8,Lain,Summer 2017,November 15th 2010,9,
02,July 25th 2011,9,Kalamazhu,April 30th 2015,July 25th 2011,9,
02,July 25th 2011,10,Kail,April 22nd 2012,November 15th 2010,4,
02,July 25th 2011,HM,Prince Abu,Spring 2016,July 25th 2011,3,
02,July 25th 2011,HM,Bower,July 25th 2011,July 25th 2011,1,
02,July 25th 2011,HM,SlayerTokey,Februrary 22nd 2013,July 25th 2011,4,
02,July 25th 2011,HM,Toadster,January 13th 2015,November 15th 2010,6,
02,July 25th 2011,HM,Beach (Tremor / SonuvaBeach),Spring 2016,July 25th 2011,12,
02,July 25th 2011,IM,Anther,Summer 2024,July 25th 2011,20,
02,July 25th 2011,IM,Bigy,Winter 2015,November 15th 2010,12,
02,July 25th 2011,IM,Botulismnator,November 15th 2011,July 25th 2011,2,
02,July 25th 2011,IM,Dope,January 8th 2014,July 25th 2011,5,
02,July 25th 2011,IM,Shaeden,Spring 2016,November 15th 2010,10,
03,November 15th 2011,1,Velynn,January 13th 2015,November 15th 2010,9,
03,November 15th 2011,2,Duck,Winter-Spring 2019,November 15th 2010,21,
03,November 15th 2011,3,Shady,Spring 2016,November 15th 2010,12,
03,November 15th 2011,4,Moose,January 13th 2015,November 15th 2010,9,
03,November 15th 2011,5,Shaeden,Spring 2016,November 15th 2010,10,
03,November 15th 2011,6,Mikey Lenetia,September 3rd 2014,July 25th 2011,7,
03,November 15th 2011,7,Juggleguy,Spring 2018,November 15th 2010,17,
03,November 15th 2011,8,Kalamazhu,April 30th 2015,July 25th 2011,9,
03,November 15th 2011,9,SlayerTokey,Februrary 22nd 2013,July 25th 2011,4,
03,November 15th 2011,10,Kail,April 22nd 2012,November 15th 2010,4,
03,November 15th 2011,HM,Brainjack,November 15th 2011,November 15th 2011,1,
03,November 15th 2011,HM,Lain,Summer 2017,November 15th 2010,9,
03,November 15th 2011,HM,Toadster,January 13th 2015,November 15th 2010,6,
03,November 15th 2011,HM,Beach (Tremor / SonuvaBeach),Spring 2016,July 25th 2011,12,
03,November 15th 2011,HM,RyeJew,January 13th 2015,November 15th 2011,5,
03,November 15th 2011,IM,Anther,Summer 2024,July 25th 2011,20,
03,November 15th 2011,IM,Bigy,Winter 2015,November 15th 2010,12,
03,November 15th 2011,IM,Botulismnator,November 15th 2011,July 25th 2011,2,
03,November 15th 2011,IM,Dope,January 8th 2014,July 25th 2011,5,
03,November 15th 2011,IM,SCOTU,April 22nd 2012,July 25th 2011,3,
04,April 22nd 2012,1,Moose,January 13th 2015,November 15th 2010,9,
04,April 22nd 2012,2,Duck,Winter-Spring 2019,November 15th 2010,21,
04,April 22nd 2012,3,Shady,Spring 2016,November 15th 2010,12,
04,April 22nd 2012,4,Shaeden,Spring 2016,November 15th 2010,10,
04,April 22nd 2012,5,Kalamazhu,April 30th 2015,July 25th 2011,9,
04,April 22nd 2012,6,Velynn,January 13th 2015,November 15th 2010,9,
04,April 22nd 2012,7,Dope,January 8th 2014,July 25th 2011,5,
04,April 22nd 2012,8,Vaccine (HIV+),Winter 2015,April 22nd 2012,9,
04,April 22nd 2012,9,Juggleguy,Spring 2018,November 15th 2010,17,
04,April 22nd 2012,10,SlayerTokey,Februrary 22nd 2013,July 25th 2011,4,
04,April 22nd 2012,HM,1der,April 22nd 2012,April 22nd 2012,1,
04,April 22nd 2012,HM,Blake,Winter 2015,April 22nd 2012,9,
04,April 22nd 2012,HM,Lain,Summer 2017,November 15th 2010,9,
04,April 22nd 2012,HM,Toadster,January 13th 2015,November 15th 2010,6,
04,April 22nd 2012,HM,Beach (Tremor / SonuvaBeach),Spring 2016,July 25th 2011,12,
04,April 22nd 2012,IM,Anther,Summer 2024,July 25th 2011,20,
04,April 22nd 2012,IM,Bigy,Winter 2015,November 15th 2010,12,
04,April 22nd 2012,IM,Kail,April 22nd 2012,November 15th 2010,4,
04,April 22nd 2012,IM,Mikey Lenetia,September 3rd 2014,July 25th 2011,7,
04,April 22nd 2012,IM,SCOTU,April 22nd 2012,July 25th 2011,3,
05,Februrary 22nd 2013,1,Duck,Winter-Spring 2019,November 15th 2010,21,
05,Februrary 22nd 2013,2,Moose,January 13th 2015,November 15th 2010,9,
05,Februrary 22nd 2013,3,Shaeden,Spring 2016,November 15th 2010,10,
05,Februrary 22nd 2013,4,Kalamazhu,April 30th 2015,July 25th 2011,9,
05,Februrary 22nd 2013,5,Shady,Spring 2016,November 15th 2010,12,
05,Februrary 22nd 2013,6,Vaccine (HIV+),Winter 2015,April 22nd 2012,9,
05,Februrary 22nd 2013,7,Dope,January 8th 2014,July 25th 2011,5,
05,Februrary 22nd 2013,8,Juggleguy,Spring 2018,November 15th 2010,17,
05,Februrary 22nd 2013,9,Beach (Tremor / SonuvaBeach),Spring 2016,July 25th 2011,12,
05,Februrary 22nd 2013,10,RyeJew,January 13th 2015,November 15th 2011,5,
05,Februrary 22nd 2013,HM,Blake,Winter 2015,April 22nd 2012,9,
05,Februrary 22nd 2013,HM,Dre,January 13th 2015,Februrary 22nd 2013,5,
05,Februrary 22nd 2013,HM,KJH,Summer 2024,Februrary 22nd 2013,24,
05,Februrary 22nd 2013,HM,Toadster,January 13th 2015,November 15th 2010,6,
05,Februrary 22nd 2013,HM,Zinoto,Februrary 22nd 2013,Februrary 22nd 2013,1,
05,Februrary 22nd 2013,IM,Anther,Summer 2024,July 25th 2011,20,
05,Februrary 22nd 2013,IM,Bigy,Winter 2015,November 15th 2010,12,
05,Februrary 22nd 2013,IM,Mikey Lenetia,September 3rd 2014,July 25th 2011,7,
05,Februrary 22nd 2013,IM,SlayerTokey,Februrary 22nd 2013,July 25th 2011,4,
05,Februrary 22nd 2013,IM,Velynn,January 13th 2015,November 15th 2010,9,
06,January 8th 2014,1,Duck,Winter-Spring 2019,November 15th 2010,21,
06,January 8th 2014,2,Kalamazhu,April 30th 2015,July 25th 2011,9,
06,January 8th 2014,3,Moose,January 13th 2015,November 15th 2010,9,
06,January 8th 2014,4,Vaccine (HIV+),Winter 2015,April 22nd 2012,9,
06,January 8th 2014,5,Shady,Spring 2016,November 15th 2010,12,
06,January 8th 2014,6,Shaeden,Spring 2016,November 15th 2010,10,
06,January 8th 2014,7,KJH,Summer 2024,Februrary 22nd 2013,24,
06,January 8th 2014,8,Juggleguy,Spring 2018,November 15th 2010,17,
06,January 8th 2014,9,Beach (Tremor / SonuvaBeach),Spring 2016,July 25th 2011,12,
06,January 8th 2014,10,Dre,January 13th 2015,Februrary 22nd 2013,5,
06,January 8th 2014,HM,Dope,January 8th 2014,July 25th 2011,5,
06,January 8th 2014,HM,Blake,Winter 2015,April 22nd 2012,9,
06,January 8th 2014,HM,Butch G,Fall 2015,January 8th 2014,2,
06,January 8th 2014,HM,Rh1thmz,January 8th 2014,January 8th 2014,1,
06,January 8th 2014,HM,RyeJew,January 13th 2015,November 15th 2011,5,
06,January 8th 2014,IM,Anther,Summer 2024,July 25th 2011,20,
06,January 8th 2014,IM,Bigy,Winter 2015,November 15th 2010,12,
06,January 8th 2014,IM,Lain,Summer 2017,November 15th 2010,9,
06,January 8th 2014,IM,Mikey Lenetia,September 3rd 2014,July 25th 2011,7,
06,January 8th 2014,IM,Velynn,January 13th 2015,November 15th 2010,9,
07,April 14th 2014,1,Duck,Winter-Spring 2019,November 15th 2010,21,
07,April 14th 2014,2,Vaccine (HIV+),Winter 2015,April 22nd 2012,9,
07,April 14th 2014,3,Kalamazhu,April 30th 2015,July 25th 2011,9,
07,April 14th 2014,4,KJH,Summer 2024,Februrary 22nd 2013,24,
07,April 14th 2014,5,Moose,January 13th 2015,November 15th 2010,9,
07,April 14th 2014,6,Beach (Tremor / SonuvaBeach),Spring 2016,July 25th 2011,12,
07,April 14th 2014,7,Juggleguy,Spring 2018,November 15th 2010,17,
07,April 14th 2014,8,Shady,Spring 2016,November 15th 2010,12,
07,April 14th 2014,9,Soul,April 30th 2015,April 14th 2014,4,
07,April 14th 2014,10,Blake,Winter 2015,April 22nd 2012,9,
07,April 14th 2014,HM,Dre,January 13th 2015,Februrary 22nd 2013,5,
07,April 14th 2014,HM,Ginger,Winter 2024,April 14th 2014,21,
07,April 14th 2014,HM,Hellsing,Winter 2015,April 14th 2014,6,
07,April 14th 2014,HM,Shibby,April 14th 2014,April 14th 2014,1,
07,April 14th 2014,HM,Skigh,April 30th 2015,April 14th 2014,3,
07,April 14th 2014,IM,Anther,Summer 2024,July 25th 2011,20,
07,April 14th 2014,IM,Bigy,Winter 2015,November 15th 2010,12,
07,April 14th 2014,IM,Lain,Summer 2017,November 15th 2010,9,
07,April 14th 2014,IM,Mikey Lenetia,September 3rd 2014,July 25th 2011,7,
07,April 14th 2014,IM,Velynn,January 13th 2015,November 15th 2010,9,
08,September 3rd 2014,1,Duck,Winter-Spring 2019,November 15th 2010,21,08.jpg
08,September 3rd 2014,2,Kalamazhu,April 30th 2015,July 25th 2011,9,08.jpg
08,September 3rd 2014,3,KJH,Summer 2024,Februrary 22nd 2013,24,08.jpg
08,September 3rd 2014,4,Beach (Tremor / SonuvaBeach),Spring 2016,July 25th 2011,12,08.jpg
08,September 3rd 2014,5,Juggleguy,Spring 2018,November 15th 2010,17,08.jpg
08,September 3rd 2014,6,Blake,Winter 2015,April 22nd 2012,9,08.jpg
08,September 3rd 2014,7,RyeJew,January 13th 2015,November 15th 2011,5,08.jpg
08,September 3rd 2014,8,Hellsing,Winter 2015,April 14th 2014,6,08.jpg
08,September 3rd 2014,9,Ginger,Winter 2024,April 14th 2014,21,08.jpg
08,September 3rd 2014,10,Shibbypod,September 3rd 2014,September 3rd 2014,1,08.jpg
08,September 3rd 2014,HM,Dre,January 13th 2015,Februrary 22nd 2013,5,08.jpg
08,September 3rd 2014,HM,NJA,April 30th 2015,September 3rd 2014,3,08.jpg
08,September 3rd 2014,HM,Severest,September 3rd 2014,September 3rd 2014,1,08.jpg
08,September 3rd 2014,HM,Skigh,April 30th 2015,April 14th 2014,3,08.jpg
08,September 3rd 2014,HM,Zbet,April 30th 2015,September 3rd 2014,2,08.jpg
08,September 3rd 2014,IM,Anther,Summer 2024,July 25th 2011,20,08.jpg
08,September 3rd 2014,IM,Bigy,Winter 2015,November 15th 2010,12,08.jpg
08,September 3rd 2014,IM,Lain,Summer 2017,November 15th 2010,9,08.jpg
08,September 3rd 2014,IM,Mikey Lenetia,September 3rd 2014,July 25th 2011,7,08.jpg
08,September 3rd 2014,IM,Moose,January 13th 2015,November 15th 2010,9,08.jpg
08,September 3rd 2014,IM,Shady,Spring 2016,November 15th 2010,12,08.jpg
08,September 3rd 2014,IM,Soul,April 30th 2015,April 14th 2014,4,08.jpg
08,September 3rd 2014,IM,Vaccine (HIV+),Winter 2015,April 22nd 2012,9,08.jpg
08,September 3rd 2014,IM,Velynn,January 13th 2015,November 15th 2010,9,08.jpg
09,January 13th 2015,1,Duck,Winter-Spring 2019,November 15th 2010,21,
09,January 13th 2015,2,Kalamazhu,April 30th 2015,July 25th 2011,9,
09,January 13th 2015,3,Moose,January 13th 2015,November 15th 2010,9,
09,January 13th 2015,4,KJH,Summer 2024,Februrary 22nd 2013,24,
09,January 13th 2015,5,Beach (Tremor / SonuvaBeach),Spring 2016,July 25th 2011,12,
09,January 13th 2015,6,Juggleguy,Spring 2018,November 15th 2010,17,
09,January 13th 2015,7,Ginger,Winter 2024,April 14th 2014,21,
09,January 13th 2015,8,Hellsing,Winter 2015,April 14th 2014,6,
09,January 13th 2015,9,Dre,January 13th 2015,Februrary 22nd 2013,5,
09,January 13th 2015,10,Sawyer (TM),Summer 2017,January 13th 2015,8,
09,January 13th 2015,HM,Lain,Summer 2017,November 15th 2010,9,
09,January 13th 2015,HM,NJA,April 30th 2015,September 3rd 2014,3,
09,January 13th 2015,HM,Roki,January 13th 2015,January 13th 2015,1,
09,January 13th 2015,HM,Toadster,January 13th 2015,November 15th 2010,6,
09,January 13th 2015,HM,Tran,Winter 2015,January 13th 2015,2,
09,January 13th 2015,IM,Anther,Summer 2024,July 25th 2011,20,
09,January 13th 2015,IM,Bigy,Winter 2015,November 15th 2010,12,
09,January 13th 2015,IM,Blake,Winter 2015,April 22nd 2012,9,
09,January 13th 2015,IM,RyeJew,January 13th 2015,November 15th 2011,5,
09,January 13th 2015,IM,Shandy,January 13th 2015,January 13th 2015,1,
09,January 13th 2015,IM,Sheaden,January 13th 2015,January 13th 2015,1,
09,January 13th 2015,IM,Soul,April 30th 2015,April 14th 2014,4,
09,January 13th 2015,IM,Vaccine (HIV+),Winter 2015,April 22nd 2012,9,
09,January 13th 2015,IM,Velynn,January 13th 2015,November 15th 2010,9,
10,April 30th 2015,1,Duck,Winter-Spring 2019,November 15th 2010,21,10.jpg
10,April 30th 2015,2,KJH,Summer 2024,Februrary 22nd 2013,24,10.jpg
10,April 30th 2015,3,Kalamazhu,April 30th 2015,July 25th 2011,9,10.jpg
10,April 30th 2015,4,Juggleguy,Spring 2018,November 15th 2010,17,10.jpg
10,April 30th 2015,5,Ginger,Winter 2024,April 14th 2014,21,10.jpg
10,April 30th 2015,6,Beach (Tremor / SonuvaBeach),Spring 2016,July 25th 2011,12,10.jpg
10,April 30th 2015,7,Sawyer (TM),Summer 2017,January 13th 2015,8,10.jpg
10,April 30th 2015,8,Blake,Winter 2015,April 22nd 2012,9,10.jpg
10,April 30th 2015,9,Hellsing,Winter 2015,April 14th 2014,6,10.jpg
10,April 30th 2015,10,Soul,April 30th 2015,April 14th 2014,4,10.jpg
10,April 30th 2015,HM,JU4N,April 30th 2015,April 30th 2015,1,10.jpg
10,April 30th 2015,HM,NJA,April 30th 2015,September 3rd 2014,3,10.jpg
10,April 30th 2015,HM,Paper,Spring 2016,April 30th 2015,4,10.jpg
10,April 30th 2015,HM,Skigh,April 30th 2015,April 14th 2014,3,10.jpg
10,April 30th 2015,HM,Zbet,April 30th 2015,September 3rd 2014,2,10.jpg
10,April 30th 2015,IM,Anther,Summer 2024,July 25th 2011,20,10.jpg
10,April 30th 2015,IM,Bigy,Winter 2015,November 15th 2010,12,10.jpg
10,April 30th 2015,IM,Shady,Spring 2016,November 15th 2010,12,10.jpg
10,April 30th 2015,IM,Shaeden,Spring 2016,November 15th 2010,10,10.jpg
10,April 30th 2015,IM,Vaccine (HIV+),Winter 2015,April 22nd 2012,9,10.jpg
11,Fall 2015,1,Duck,Winter-Spring 2019,November 15th 2010,21,
11,Fall 2015,2,KJH,Summer 2024,Februrary 22nd 2013,24,
11,Fall 2015,3,Ginger,Winter 2024,April 14th 2014,21,
11,Fall 2015,4,Juggleguy,Spring 2018,November 15th 2010,17,
11,Fall 2015,5,Sawyer (TM),Summer 2017,January 13th 2015,8,
11,Fall 2015,6,Beach (Tremor / SonuvaBeach),Spring 2016,July 25th 2011,12,
11,Fall 2015,7,Paper,Spring 2016,April 30th 2015,4,
11,Fall 2015,8,MB-Smash,Summer-Fall 2019,Fall 2015,5,
11,Fall 2015,9,Hellsing,Winter 2015,April 14th 2014,6,
11,Fall 2015,10,Russell,Winter-Spring 2019,Fall 2015,6,
11,Fall 2015,HM,Butch G,Fall 2015,January 8th 2014,2,
11,Fall 2015,HM,Miles (LETS GO MILES / Criphood),July-December 2016,Fall 2015,4,
11,Fall 2015,HM,The Oak,Fall 2015,Fall 2015,1,
11,Fall 2015,HM,ckyulmiqnudaetr (Quang / Tentpoles),Summer 2024,Fall 2015,16,
11,Fall 2015,HM,Yoyo,Spring 2018,Fall 2015,8,
11,Fall 2015,IM,Anther,Summer 2024,July 25th 2011,20,
11,Fall 2015,IM,Bigy,Winter 2015,November 15th 2010,12,
11,Fall 2015,IM,Blake,Winter 2015,April 22nd 2012,9,
11,Fall 2015,IM,Shady,Spring 2016,November 15th 2010,12,
11,Fall 2015,IM,Shaeden,Spring 2016,November 15th 2010,10,
11,Fall 2015,IM,Vaccine (HIV+),Winter 2015,April 22nd 2012,9,
12,Winter 2015,1,Duck,Winter-Spring 2019,November 15th 2010,21,12.png
12,Winter 2015,2,KJH,Summer 2024,Februrary 22nd 2013,24,12.png
12,Winter 2015,3,Prince Abu,Spring 2016,July 25th 2011,3,12.png
12,Winter 2015,4,Ginger,Winter 2024,April 14th 2014,21,12.png
12,Winter 2015,5,Shaeden,Spring 2016,November 15th 2010,10,12.png
12,Winter 2015,6,Beach (Tremor / SonuvaBeach),Spring 2016,July 25th 2011,12,12.png
12,Winter 2015,7,Anther,Summer 2024,July 25th 2011,20,12.png
12,Winter 2015,8,Juggleguy,Spring 2018,November 15th 2010,17,12.png
12,Winter 2015,9,Sawyer (TM),Summer 2017,January 13th 2015,8,12.png
12,Winter 2015,10,Paper,Spring 2016,April 30th 2015,4,12.png
12,Winter 2015,HM,MB-Smash,Summer-Fall 2019,Fall 2015,5,12.png
12,Winter 2015,HM,Tran,Winter 2015,January 13th 2015,2,12.png
12,Winter 2015,HM,Miles (LETS GO MILES / Criphood),July-December 2016,Fall 2015,4,12.png
12,Winter 2015,HM,Hellsing,Winter 2015,April 14th 2014,6,12.png
12,Winter 2015,HM,Yoyo,Spring 2018,Fall 2015,8,12.png
12,Winter 2015,IM,Bigy,Winter 2015,November 15th 2010,12,12.png
12,Winter 2015,IM,Blake,Winter 2015,April 22nd 2012,9,12.png
12,Winter 2015,IM,Shady,Spring 2016,November 15th 2010,12,12.png
12,Winter 2015,IM,Vaccine (HIV+),Winter 2015,April 22nd 2012,9,12.png
13,Spring 2016,1,Duck,Winter-Spring 2019,November 15th 2010,21,13.jpg
13,Spring 2016,2,KJH,Summer 2024,Februrary 22nd 2013,24,13.jpg
13,Spring 2016,3,Prince Abu,Spring 2016,July 25th 2011,3,13.jpg
13,Spring 2016,4,Ginger,Winter 2024,April 14th 2014,21,13.jpg
13,Spring 2016,5,Shaeden,Spring 2016,November 15th 2010,10,13.jpg
13,Spring 2016,6,Anther,Summer 2024,July 25th 2011,20,13.jpg
13,Spring 2016,7,Yoyo,Spring 2018,Fall 2015,8,13.jpg
13,Spring 2016,8,ckyulmiqnudaetr (Quang / Tentpoles),Summer 2024,Fall 2015,16,13.jpg
13,Spring 2016,9,Sawyer (TM),Summer 2017,January 13th 2015,8,13.jpg
13,Spring 2016,10,Shady,Spring 2016,November 15th 2010,12,13.jpg
13,Spring 2016,HM,MB-Smash,Summer-Fall 2019,Fall 2015,5,13.jpg
13,Spring 2016,HM,Beach (Tremor / SonuvaBeach),Spring 2016,July 25th 2011,12,13.jpg
13,Spring 2016,HM,Miles (LETS GO MILES / Criphood),July-December 2016,Fall 2015,4,13.jpg
13,Spring 2016,HM,Juggleguy,Spring 2018,November 15th 2010,17,13.jpg
13,Spring 2016,HM,Paper,Spring 2016,April 30th 2015,4,13.jpg
14,July-December 2016,1,Duck,Winter-Spring 2019,November 15th 2010,21,14.jpg
14,July-December 2016,2,KJH,Summer 2024,Februrary 22nd 2013,24,14.jpg
14,July-December 2016,3,Ginger,Winter 2024,April 14th 2014,21,14.jpg
14,July-December 2016,4,Yoyo,Spring 2018,Fall 2015,8,14.jpg
14,July-December 2016,5,Anther,Summer 2024,July 25th 2011,20,14.jpg
14,July-December 2016,6,ckyulmiqnudaetr (Quang / Tentpoles),Summer 2024,Fall 2015,16,14.jpg
14,July-December 2016,7,Morsecode762,Summer 2024,July-December 2016,15,14.jpg
14,July-December 2016,8,Sawyer (TM),Summer 2017,January 13th 2015,8,14.jpg
14,July-December 2016,9,Heartstrings,Winter 2020,July-December 2016,9,14.jpg
14,July-December 2016,10,Juggleguy,Spring 2018,November 15th 2010,17,14.jpg
14,July-December 2016,11,Miles (LETS GO MILES / Criphood),July-December 2016,Fall 2015,4,14.jpg
14,July-December 2016,12,Mingee,July-December 2016,July-December 2016,1,14.jpg
14,July-December 2016,13,Jagerbombsoldier (Liam_Butler),Spring 2018,July-December 2016,2,14.jpg
15,Winter-Spring 2017,1,Duck,Winter-Spring 2019,November 15th 2010,21,15.jpg
15,Winter-Spring 2017,2,KJH,Summer 2024,Februrary 22nd 2013,24,15.jpg
15,Winter-Spring 2017,3,Ginger,Winter 2024,April 14th 2014,21,15.jpg
15,Winter-Spring 2017,4,Morsecode762,Summer 2024,July-December 2016,15,15.jpg
15,Winter-Spring 2017,5,Yoyo,Spring 2018,Fall 2015,8,15.jpg
15,Winter-Spring 2017,6,ckyulmiqnudaetr (Quang / Tentpoles),Summer 2024,Fall 2015,16,15.jpg
15,Winter-Spring 2017,7,Heartstrings,Winter 2020,July-December 2016,9,15.jpg
15,Winter-Spring 2017,8,Juggleguy,Spring 2018,November 15th 2010,17,15.jpg
15,Winter-Spring 2017,9,Anther,Summer 2024,July 25th 2011,20,15.jpg
15,Winter-Spring 2017,10,Sawyer (TM),Summer 2017,January 13th 2015,8,15.jpg
16,Summer 2017,1,Duck,Winter-Spring 2019,November 15th 2010,21,16.jpg
16,Summer 2017,2,KJH,Summer 2024,Februrary 22nd 2013,24,16.jpg
16,Summer 2017,3,Ginger,Winter 2024,April 14th 2014,21,16.jpg
16,Summer 2017,4,Morsecode762,Summer 2024,July-December 2016,15,16.jpg
16,Summer 2017,5,Anther,Summer 2024,July 25th 2011,20,16.jpg
16,Summer 2017,6,Heartstrings,Winter 2020,July-December 2016,9,16.jpg
16,Summer 2017,7,ckyulmiqnudaetr (Quang / Tentpoles),Summer 2024,Fall 2015,16,16.jpg
16,Summer 2017,8,Yoyo,Spring 2018,Fall 2015,8,16.jpg
16,Summer 2017,9,Magicubed,Spring 2018,Summer 2017,3,16.jpg
16,Summer 2017,10,Sawyer (TM),Summer 2017,January 13th 2015,8,16.jpg
16,Summer 2017,11,Techboy,Summer-Fall 2019,Summer 2017,4,16.jpg
16,Summer 2017,12,999,Summer 2018,Summer 2017,4,16.jpg
16,Summer 2017,13,Russell,Winter-Spring 2019,Fall 2015,6,16.jpg
16,Summer 2017,14,Sheep,Summer 2023,Summer 2017,5,16.jpg
16,Summer 2017,15,Papyrus,Summer 2017,Summer 2017,1,16.jpg
16,Summer 2017,16,Lain,Summer 2017,November 15th 2010,9,16.jpg
17,Winter 2018,1,Duck,Winter-Spring 2019,November 15th 2010,21,
17,Winter 2018,2,KJH,Summer 2024,Februrary 22nd 2013,24,
17,Winter 2018,3,Ginger,Winter 2024,April 14th 2014,21,
17,Winter 2018,4,Yoyo,Spring 2018,Fall 2015,8,
17,Winter 2018,5,Morsecode762,Summer 2024,July-December 2016,15,
17,Winter 2018,6,Heartstrings,Winter 2020,July-December 2016,9,
17,Winter 2018,7,Russell,Winter-Spring 2019,Fall 2015,6,
17,Winter 2018,8,Techboy,Summer-Fall 2019,Summer 2017,4,
17,Winter 2018,9,Juggleguy,Spring 2018,November 15th 2010,17,
17,Winter 2018,10,Magicubed,Spring 2018,Summer 2017,3,
17,Winter 2018,11,i4n,Winter 2018,Winter 2018,1,
17,Winter 2018,12,JCubez,Summer 2023,Winter 2018,8,
17,Winter 2018,IM,999,Summer 2018,Summer 2017,4,
17,Winter 2018,IM,Anther,Summer 2024,July 25th 2011,20,
17,Winter 2018,IM,ckyulmiqnudaetr (Quang / Tentpoles),Summer 2024,Fall 2015,16,
18,Spring 2018,1,Duck,Winter-Spring 2019,November 15th 2010,21,18.jpg
18,Spring 2018,2,KJH,Summer 2024,Februrary 22nd 2013,24,18.jpg
18,Spring 2018,3,Ginger,Winter 2024,April 14th 2014,21,18.jpg
18,Spring 2018,4,Morsecode762,Summer 2024,July-December 2016,15,18.jpg
18,Spring 2018,5,Heartstrings,Winter 2020,July-December 2016,9,18.jpg
18,Spring 2018,6,ckyulmiqnudaetr (Quang / Tentpoles),Summer 2024,Fall 2015,16,18.jpg
18,Spring 2018,7,Russell,Winter-Spring 2019,Fall 2015,6,18.jpg
18,Spring 2018,8,Yoyo,Spring 2018,Fall 2015,8,18.jpg
18,Spring 2018,9,Juggleguy,Spring 2018,November 15th 2010,17,18.jpg
18,Spring 2018,10,Techboy,Summer-Fall 2019,Summer 2017,4,18.jpg
18,Spring 2018,11,Jagerbombsoldier (Liam_Butler),Spring 2018,July-December 2016,2,18.jpg
18,Spring 2018,12,JCubez,Summer 2023,Winter 2018,8,18.jpg
18,Spring 2018,IM,999,Summer 2018,Summer 2017,4,18.jpg
18,Spring 2018,IM,Anther,Summer 2024,July 25th 2011,20,18.jpg
18,Spring 2018,IM,Magicubed,Spring 2018,Summer 2017,3,18.jpg
19,Summer 2018,1,Duck,Winter-Spring 2019,November 15th 2010,21,19.jpg
19,Summer 2018,2,KJH,Summer 2024,Februrary 22nd 2013,24,19.jpg
19,Summer 2018,3,Ginger,Winter 2024,April 14th 2014,21,19.jpg
19,Summer 2018,4,Morsecode762,Summer 2024,July-December 2016,15,19.jpg
19,Summer 2018,5,ckyulmiqnudaetr (Quang / Tentpoles),Summer 2024,Fall 2015,16,19.jpg
19,Summer 2018,6,Heartstrings,Winter 2020,July-December 2016,9,19.jpg
19,Summer 2018,7,MB-Smash,Summer-Fall 2019,Fall 2015,5,19.jpg
19,Summer 2018,8,Baka4moe,Winter 2020,Summer 2018,5,19.jpg
19,Summer 2018,9,Kuyashi,Summer 2024,Summer 2018,11,19.jpg
19,Summer 2018,10,Ossify,Summer 2024,Summer 2018,9,19.jpg
19,Summer 2018,IM,999,Summer 2018,Summer 2017,4,19.jpg
20,Fall 2018,1,Duck,Winter-Spring 2019,November 15th 2010,21,20.jpg
20,Fall 2018,2,KJH,Summer 2024,Februrary 22nd 2013,24,20.jpg
20,Fall 2018,3,Ginger,Winter 2024,April 14th 2014,21,20.jpg
20,Fall 2018,4,Morsecode762,Summer 2024,July-December 2016,15,20.jpg
20,Fall 2018,5,Ossify,Summer 2024,Summer 2018,9,20.jpg
20,Fall 2018,6,Baka4moe,Winter 2020,Summer 2018,5,20.jpg
20,Fall 2018,7,Russell,Winter-Spring 2019,Fall 2015,6,20.jpg
20,Fall 2018,8,Heartstrings,Winter 2020,July-December 2016,9,20.jpg
20,Fall 2018,9,Kuyashi,Summer 2024,Summer 2018,11,20.jpg
20,Fall 2018,IM,Anther,Summer 2024,July 25th 2011,20,20.jpg
21,Winter-Spring 2019,0,Duck,Winter-Spring 2019,November 15th 2010,21,21.jpg
21,Winter-Spring 2019,1,KJH,Summer 2024,Februrary 22nd 2013,24,21.jpg
21,Winter-Spring 2019,2,Ginger,Winter 2024,April 14th 2014,21,21.jpg
21,Winter-Spring 2019,3,Morsecode762,Summer 2024,July-December 2016,15,21.jpg
21,Winter-Spring 2019,4,ckyulmiqnudaetr (Quang / Tentpoles),Summer 2024,Fall 2015,16,21.jpg
21,Winter-Spring 2019,5,Baka4moe,Winter 2020,Summer 2018,5,21.jpg
21,Winter-Spring 2019,6,JCubez,Summer 2023,Winter 2018,8,21.jpg
21,Winter-Spring 2019,7,Ossify,Summer 2024,Summer 2018,9,21.jpg
21,Winter-Spring 2019,8,Russell,Winter-Spring 2019,Fall 2015,6,21.jpg
21,Winter-Spring 2019,9,Kuyashi,Summer 2024,Summer 2018,11,21.jpg
22,Summer-Fall 2019,1,Ginger,Winter 2024,April 14th 2014,21,22.jpg
22,Summer-Fall 2019,2,KJH,Summer 2024,Februrary 22nd 2013,24,22.jpg
22,Summer-Fall 2019,3,Morsecode762,Summer 2024,July-December 2016,15,22.jpg
22,Summer-Fall 2019,4,Heartstrings,Winter 2020,July-December 2016,9,22.jpg
22,Summer-Fall 2019,5,Kuyashi,Summer 2024,Summer 2018,11,22.jpg
22,Summer-Fall 2019,6,JCubez,Summer 2023,Winter 2018,8,22.jpg
22,Summer-Fall 2019,7,ckyulmiqnudaetr (Quang / Tentpoles),Summer 2024,Fall 2015,16,22.jpg
22,Summer-Fall 2019,8,Baka4moe,Winter 2020,Summer 2018,5,22.jpg
22,Summer-Fall 2019,9,Ossify,Summer 2024,Summer 2018,9,22.jpg
22,Summer-Fall 2019,10,MB-Smash,Summer-Fall 2019,Fall 2015,5,22.jpg
22,Summer-Fall 2019,HM,Duo,Winter 2020,Summer-Fall 2019,2,22.jpg
22,Summer-Fall 2019,HM,Joka,Summer 2024,Summer-Fall 2019,6,22.jpg
22,Summer-Fall 2019,HM,Sheep,Summer 2023,Summer 2017,5,22.jpg
22,Summer-Fall 2019,HM,Starlight,Summer-Fall 2019,Summer-Fall 2019,1,22.jpg
22,Summer-Fall 2019,IM,Techboy,Summer-Fall 2019,Summer 2017,4,22.jpg
23,Winter 2020,1,Ginger,Winter 2024,April 14th 2014,21,23.jpg
23,Winter 2020,2,Morsecode762,Summer 2024,July-December 2016,15,23.jpg
23,Winter 2020,3,Heartstrings,Winter 2020,July-December 2016,9,23.jpg
23,Winter 2020,4,ckyulmiqnudaetr (Quang / Tentpoles),Summer 2024,Fall 2015,16,23.jpg
23,Winter 2020,5,JCubez,Summer 2023,Winter 2018,8,23.jpg
23,Winter 2020,6,Baka4moe,Winter 2020,Summer 2018,5,23.jpg
23,Winter 2020,7,Butterdonkey,Winter 2020,Winter 2020,1,23.jpg
23,Winter 2020,8,Kuyashi,Summer 2024,Summer 2018,11,23.jpg
23,Winter 2020,9,Ossify,Summer 2024,Summer 2018,9,23.jpg
23,Winter 2020,10,Wishblade,Winter 2020,Winter 2020,1,23.jpg
23,Winter 2020,HM,Duo,Winter 2020,Summer-Fall 2019,2,23.jpg
23,Winter 2020,IM,KJH,Summer 2024,Februrary 22nd 2013,24,23.jpg
24,Fall-Winter 2021,1,Ginger,Winter 2024,April 14th 2014,21,24.jpg
24,Fall-Winter 2021,2,KJH,Summer 2024,Februrary 22nd 2013,24,24.jpg
24,Fall-Winter 2021,3,Morsecode762,Summer 2024,July-December 2016,15,24.jpg
24,Fall-Winter 2021,4,Kuyashi,Summer 2024,Summer 2018,11,24.jpg
24,Fall-Winter 2021,5,Ossify,Summer 2024,Summer 2018,9,24.jpg
24,Fall-Winter 2021,6,ckyulmiqnudaetr (Quang / Tentpoles),Summer 2024,Fall 2015,16,24.jpg
24,Fall-Winter 2021,7,Brazmonkey,Summer 2024,Fall-Winter 2021,6,24.jpg
24,Fall-Winter 2021,8,Coin,Winter 2024,Fall-Winter 2021,5,24.jpg
24,Fall-Winter 2021,9,Sheep,Summer 2023,Summer 2017,5,24.jpg
24,Fall-Winter 2021,10,Negat!ve,Summer 2024,Fall-Winter 2021,6,24.jpg
24,Fall-Winter 2021,11,Asiago,Winter 2024,Fall-Winter 2021,4,24.jpg
24,Fall-Winter 2021,12,Rayboyp,Summer 2023,Fall-Winter 2021,4,24.jpg
24,Fall-Winter 2021,HM,Vorporal,Summer 2023,Fall-Winter 2021,4,24.jpg
24,Fall-Winter 2021,IM,JCubez,Summer 2023,Winter 2018,8,24.jpg
25,Summer 2022,1,Kuyashi,Summer 2024,Summer 2018,11,
25,Summer 2022,2,Coin,Winter 2024,Fall-Winter 2021,5,
25,Summer 2022,3,Asiago,Winter 2024,Fall-Winter 2021,4,
25,Summer 2022,4,Negat!ve,Summer 2024,Fall-Winter 2021,6,
25,Summer 2022,5,Brazmonkey,Summer 2024,Fall-Winter 2021,6,
25,Summer 2022,6,Rayboyp,Summer 2023,Fall-Winter 2021,4,
25,Summer 2022,7,Vorporal,Summer 2023,Fall-Winter 2021,4,
25,Summer 2022,8,Sheep,Summer 2023,Summer 2017,5,
25,Summer 2022,9,Nyte,Summer 2024,Summer 2022,3,
25,Summer 2022,10,Joka,Summer 2024,Summer-Fall 2019,6,
25,Summer 2022,HM,Maxo,Summer 2022,Summer 2022,1,
25,Summer 2022,HM,Rich,Summer 2024,Summer 2022,5,
26,Winter 2023,1,Ginger,Winter 2024,April 14th 2014,21,26.jpg
26,Winter 2023,2,Kuyashi,Summer 2024,Summer 2018,11,26.jpg
26,Winter 2023,3,ckyulmiqnudaetr (Quang / Tentpoles),Summer 2024,Fall 2015,16,26.jpg
26,Winter 2023,4,Vorporal,Summer 2023,Fall-Winter 2021,4,26.jpg
26,Winter 2023,5,Coin,Winter 2024,Fall-Winter 2021,5,26.jpg
26,Winter 2023,6,Brazmonkey,Summer 2024,Fall-Winter 2021,6,26.jpg
26,Winter 2023,7,Negat!ve,Summer 2024,Fall-Winter 2021,6,26.jpg
26,Winter 2023,8,Rayboyp,Summer 2023,Fall-Winter 2021,4,26.jpg
26,Winter 2023,9,Asiago,Winter 2024,Fall-Winter 2021,4,26.jpg
26,Winter 2023,10,Rich,Summer 2024,Summer 2022,5,26.jpg
26,Winter 2023,HM,Joka,Summer 2024,Summer-Fall 2019,6,26.jpg
26,Winter 2023,HM,Zam,Summer 2023,Winter 2023,2,26.jpg
26,Winter 2023,IM,JCubez,Summer 2023,Winter 2018,8,26.jpg
26,Winter 2023,IM,KJH,Summer 2024,Februrary 22nd 2013,24,26.jpg
26,Winter 2023,IM,Morsecode762,Summer 2024,July-December 2016,15,26.jpg
27,Summer 2023,1,Ossify,Summer 2024,Summer 2018,9,27.png
27,Summer 2023,2,Ginger,Winter 2024,April 14th 2014,21,27.png
27,Summer 2023,3,KJH,Summer 2024,Februrary 22nd 2013,24,27.png
27,Summer 2023,4,Morsecode762,Summer 2024,July-December 2016,15,27.png
27,Summer 2023,5,JCubez,Summer 2023,Winter 2018,8,27.png
27,Summer 2023,6,Brazmonkey,Summer 2024,Fall-Winter 2021,6,27.png
27,Summer 2023,7,Negat!ve,Summer 2024,Fall-Winter 2021,6,27.png
27,Summer 2023,8,Sheep,Summer 2023,Summer 2017,5,27.png
27,Summer 2023,9,Ferrety,Summer 2024,Summer 2023,3,27.png
27,Summer 2023,10,Kuyashi,Summer 2024,Summer 2018,11,27.png
27,Summer 2023,11,Vorporal,Summer 2023,Fall-Winter 2021,4,27.png
27,Summer 2023,12,Rich,Summer 2024,Summer 2022,5,27.png
27,Summer 2023,13,Cracc (Captain Crack),Summer 2024,Summer 2023,2,27.png
27,Summer 2023,14,Coin,Winter 2024,Fall-Winter 2021,5,27.png
27,Summer 2023,15,Joka,Summer 2024,Summer-Fall 2019,6,27.png
27,Summer 2023,HM,Baron,Summer 2024,Summer 2023,2,27.png
27,Summer 2023,HM,Rayboyp,Summer 2023,Fall-Winter 2021,4,27.png
27,Summer 2023,HM,Zam,Summer 2023,Winter 2023,2,27.png
27,Summer 2023,IM,ckyulmiqnudaetr (Quang / Tentpoles),Summer 2024,Fall 2015,16,27.png
28,Winter 2024,IM,Ginger,Winter 2024,April 14th 2014,21,28.png
28,Winter 2024,IM,ckyulmiqnudaetr (Quang / Tentpoles),Summer 2024,Fall 2015,16,28.png
28,Winter 2024,IM,Cody Schwab,Summer 2024,Winter 2024,2,28.png
28,Winter 2024,HM,Bozo Jr.,Summer 2024,Winter 2024,2,28.png
28,Winter 2024,HM,Jakpox,Summer 2024,Winter 2024,2,28.png
28,Winter 2024,HM,Lins,Winter 2024,Winter 2024,1,28.png
28,Winter 2024,HM,Tyler A,Winter 2024,Winter 2024,1,28.png
28,Winter 2024,1,Ossify,Summer 2024,Summer 2018,9,28.png
28,Winter 2024,2,Morsecode762,Summer 2024,July-December 2016,15,28.png
28,Winter 2024,3,KJH,Summer 2024,Februrary 22nd 2013,24,28.png
28,Winter 2024,4,Kuyashi,Summer 2024,Summer 2018,11,28.png
28,Winter 2024,5,Anther,Summer 2024,July 25th 2011,20,28.png
28,Winter 2024,6,Joka,Summer 2024,Summer-Fall 2019,6,28.png
28,Winter 2024,7,Negat!ve,Summer 2024,Fall-Winter 2021,6,28.png
28,Winter 2024,8,Ferrety,Summer 2024,Summer 2023,3,28.png
28,Winter 2024,9,Coin,Winter 2024,Fall-Winter 2021,5,28.png
28,Winter 2024,10,Asiago,Winter 2024,Fall-Winter 2021,4,28.png
28,Winter 2024,11,Brazmonkey,Summer 2024,Fall-Winter 2021,6,28.png
28,Winter 2024,12,Nyte,Summer 2024,Summer 2022,3,28.png
28,Winter 2024,13,Rich,Summer 2024,Summer 2022,5,28.png
29,Summer 2024,1,Ossify,Summer 2024,Summer 2018,9,
29,Summer 2024,2,Negat!ve,Summer 2024,Fall-Winter 2021,6,
29,Summer 2024,3,Anther,Summer 2024,July 25th 2011,20,
29,Summer 2024,4,Brazmonkey,Summer 2024,Fall-Winter 2021,6,
29,Summer 2024,5,Ferrety,Summer 2024,Summer 2023,3,
29,Summer 2024,6,Kuyashi,Summer 2024,Summer 2018,11,
29,Summer 2024,7,Rich,Summer 2024,Summer 2022,5,
29,Summer 2024,8,Nyte,Summer 2024,Summer 2022,3,
29,Summer 2024,9,Joka,Summer 2024,Summer-Fall 2019,6,
29,Summer 2024,10,Anzeray,Summer 2024,Summer 2024,1,
29,Summer 2024,11,Cracc (Captain Crack),Summer 2024,Summer 2023,2,
29,Summer 2024,HM,Bozo Jr.,Summer 2024,Winter 2024,2,
29,Summer 2024,HM,Jakpox,Summer 2024,Winter 2024,2,
29,Summer 2024,HM,Baron,Summer 2024,Summer 2023,2,
29,Summer 2024,IM,ckyulmiqnudaetr (Quang / Tentpoles),Summer 2024,Fall 2015,16,
29,Summer 2024,IM,Cody Schwab,Summer 2024,Winter 2024,2,
29,Summer 2024,IM,KJH,Summer 2024,Februrary 22nd 2013,24,
29,Summer 2024,IM,Morsecode762,Summer 2024,July-December 2016,15,